<?xml version="1.0"?>
<!--<!DOCTYPE metadata SYSTEM "http://www.esri.com/metadata/esriprof80.dtd">-->
<metadata xml:lang="en"><Esri><CreaDate>20140520</CreaDate><CreaTime>15382400</CreaTime><SyncOnce>FALSE</SyncOnce><SyncDate>20130926</SyncDate><SyncTime>15014300</SyncTime><ModDate>20130926</ModDate><ModTime>15014300</ModTime><DataProperties><lineage><Process ToolSource="C:\Program Files\ArcGIS\ArcToolbox\Toolboxes\Analysis Tools.tbx\Clip" Date="20130926" Time="150158">Clip a_road_polyline Glasgow_Multimember_wards_2011 "Z:\Access PMO\000. ALL PROGRAMMES\Digital City\20. TSB\PROJECT DOCUMENTS\Data Engagement\Ordnance Survey\A Roads.shp" #</Process></lineage></DataProperties><MetaID>{E9DD313B-BC76-43B3-8603-99A4431ABB62}</MetaID></Esri><idinfo><native Sync="TRUE">Microsoft Windows XP Version 5.1 (Build 2600) Service Pack 3; ESRI ArcCatalog 9.3.1.3000</native><descript><langdata Sync="TRUE">en</langdata><abstract>REQUIRED: A brief narrative summary of the data set.</abstract><purpose>REQUIRED: A summary of the intentions with which the data set was developed.</purpose></descript><citation><citeinfo><origin>REQUIRED: The name of an organization or individual that developed the data set.</origin><pubdate>REQUIRED: The date when the data set is published or otherwise made available for release.</pubdate><title Sync="TRUE">A Roads</title><ftname Sync="TRUE">A Roads</ftname><geoform Sync="TRUE">vector digital data</geoform><onlink Sync="TRUE"></onlink></citeinfo></citation><timeperd><current>REQUIRED: The basis on which the time period of content information is determined.</current><timeinfo><sngdate><caldate>REQUIRED: The year (and optionally month, or month and day) for which the data set corresponds to the ground.</caldate></sngdate></timeinfo></timeperd><status><progress>REQUIRED: The state of the data set.</progress><update>REQUIRED: The frequency with which changes and additions are made to the data set after the initial data set is completed.</update></status><spdom><bounding><westbc Sync="TRUE">REQUIRED: Western-most coordinate of the limit of coverage expressed in longitude.</westbc><eastbc Sync="TRUE">REQUIRED: Eastern-most coordinate of the limit of coverage expressed in longitude.</eastbc><northbc Sync="TRUE">REQUIRED: Northern-most coordinate of the limit of coverage expressed in latitude.</northbc><southbc Sync="TRUE">REQUIRED: Southern-most coordinate of the limit of coverage expressed in latitude.</southbc></bounding></spdom><keywords><theme><themekt>REQUIRED: Reference to a formally registered thesaurus or a similar authoritative source of theme keywords.</themekt><themekey>REQUIRED: Common-use word or phrase used to describe the subject of the data set.</themekey></theme></keywords><accconst>REQUIRED: Restrictions and legal prerequisites for accessing the data set.</accconst><useconst>REQUIRED: Restrictions and legal prerequisites for using the data set after access is granted.</useconst><natvform Sync="TRUE">Shapefile</natvform></idinfo><dataIdInfo><envirDesc Sync="TRUE">Microsoft Windows XP Version 5.1 (Build 2600) Service Pack 3; ESRI ArcCatalog 9.3.1.3000</envirDesc><dataLang><languageCode Sync="TRUE" value="en"></languageCode></dataLang><idCitation><resTitle Sync="TRUE">A Roads</resTitle><presForm><PresFormCd Sync="TRUE" value="005"></PresFormCd></presForm></idCitation><spatRpType><SpatRepTypCd Sync="TRUE" value="001"></SpatRepTypCd></spatRpType></dataIdInfo><metainfo><langmeta Sync="TRUE">en</langmeta><metstdn Sync="TRUE">FGDC Content Standards for Digital Geospatial Metadata</metstdn><metstdv Sync="TRUE">FGDC-STD-001-1998</metstdv><mettc Sync="TRUE">local time</mettc><metextns><onlink Sync="TRUE">http://www.esri.com/metadata/esriprof80.html</onlink><metprof Sync="TRUE">ESRI Metadata Profile</metprof></metextns><metc><cntinfo><cntorgp><cntper>REQUIRED: The person responsible for the metadata information.</cntper><cntorg>REQUIRED: The organization responsible for the metadata information.</cntorg></cntorgp><cntaddr><addrtype>REQUIRED: The mailing and/or physical address for the organization or individual.</addrtype><city>REQUIRED: The city of the address.</city><state>REQUIRED: The state or province of the address.</state><postal>REQUIRED: The ZIP or other postal code of the address.</postal></cntaddr><cntvoice>REQUIRED: The telephone number by which individuals can speak to the organization or individual.</cntvoice></cntinfo></metc><metd Sync="TRUE">20130926</metd></metainfo><mdLang><languageCode Sync="TRUE" value="en"></languageCode></mdLang><mdStanName Sync="TRUE">ISO 19115 Geographic Information - Metadata</mdStanName><mdStanVer Sync="TRUE">DIS_ESRI1.0</mdStanVer><mdChar><CharSetCd Sync="TRUE" value="004"></CharSetCd></mdChar><mdHrLv><ScopeCd Sync="TRUE" value="005"></ScopeCd></mdHrLv><mdHrLvName Sync="TRUE">dataset</mdHrLvName><distinfo><resdesc Sync="TRUE">Downloadable Data</resdesc><stdorder><digform><digtinfo><transize Sync="TRUE">0.000</transize><dssize Sync="TRUE">0.000</dssize></digtinfo></digform></stdorder></distinfo><distInfo><distributor><distorTran><onLineSrc><orDesc Sync="TRUE">002</orDesc><linkage Sync="TRUE">file://</linkage><protocol Sync="TRUE">Local Area Network</protocol></onLineSrc><transSize Sync="TRUE">0.000</transSize></distorTran><distorFormat><formatName Sync="TRUE">Shapefile</formatName></distorFormat></distributor></distInfo><spdoinfo><direct Sync="TRUE">Vector</direct><ptvctinf><esriterm Name="A Roads"><efeatyp Sync="TRUE">Simple</efeatyp><efeageom Sync="TRUE">Polyline</efeageom><esritopo Sync="TRUE">FALSE</esritopo><efeacnt Sync="TRUE">0</efeacnt><spindex Sync="TRUE">FALSE</spindex><linrefer Sync="TRUE">FALSE</linrefer></esriterm><sdtsterm Name="A Roads"><sdtstype Sync="TRUE">String</sdtstype><ptvctcnt Sync="TRUE">0</ptvctcnt></sdtsterm></ptvctinf></spdoinfo><spref><horizsys><cordsysn><geogcsn Sync="TRUE">GCS_OSGB_1936</geogcsn><projcsn Sync="TRUE">British_National_Grid</projcsn></cordsysn><planar><mapproj><mapprojn Sync="TRUE">Transverse Mercator</mapprojn><transmer><sfctrmer Sync="TRUE">0.999601</sfctrmer><longcm Sync="TRUE">-2.000000</longcm><latprjo Sync="TRUE">49.000000</latprjo><feast Sync="TRUE">400000.000000</feast><fnorth Sync="TRUE">-100000.000000</fnorth></transmer></mapproj><planci><plance Sync="TRUE">coordinate pair</plance><plandu Sync="TRUE">meters</plandu><coordrep><absres Sync="TRUE">0.000000</absres><ordres Sync="TRUE">0.000000</ordres></coordrep></planci></planar><geodetic><horizdn Sync="TRUE">D_OSGB_1936</horizdn><ellips Sync="TRUE">Airy_1830</ellips><semiaxis Sync="TRUE">6377563.396000</semiaxis><denflat Sync="TRUE">299.324965</denflat></geodetic></horizsys></spref><refSysInfo><RefSystem><refSysID><identCode Sync="TRUE">British_National_Grid</identCode></refSysID></RefSystem></refSysInfo><spatRepInfo><VectSpatRep><topLvl><TopoLevCd Sync="TRUE" value="001"></TopoLevCd></topLvl><geometObjs Name="A Roads"><geoObjTyp><GeoObjTypCd Sync="TRUE" value="001"></GeoObjTypCd></geoObjTyp><geoObjCnt Sync="TRUE">0</geoObjCnt></geometObjs></VectSpatRep></spatRepInfo><eainfo><detailed Name="A Roads"><enttyp><enttypl Sync="TRUE">A Roads</enttypl><enttypt Sync="TRUE">Feature Class</enttypt><enttypc Sync="TRUE">0</enttypc></enttyp><attr><attrlabl Sync="TRUE">FID</attrlabl><attalias Sync="TRUE">FID</attalias><attrtype Sync="TRUE">OID</attrtype><attwidth Sync="TRUE">4</attwidth><atprecis Sync="TRUE">0</atprecis><attscale Sync="TRUE">0</attscale><attrdef Sync="TRUE">Internal feature number.</attrdef><attrdefs Sync="TRUE">ESRI</attrdefs><attrdomv><udom Sync="TRUE">Sequential unique whole numbers that are automatically generated.</udom></attrdomv></attr><attr><attrlabl Sync="TRUE">Shape</attrlabl><attalias Sync="TRUE">Shape</attalias><attrtype Sync="TRUE">Geometry</attrtype><attwidth Sync="TRUE">0</attwidth><atprecis Sync="TRUE">0</atprecis><attscale Sync="TRUE">0</attscale><attrdef Sync="TRUE">Feature geometry.</attrdef><attrdefs Sync="TRUE">ESRI</attrdefs><attrdomv><udom Sync="TRUE">Coordinates defining the features.</udom></attrdomv></attr><attr><attrlabl Sync="TRUE">CODE</attrlabl><attalias Sync="TRUE">CODE</attalias><attrtype Sync="TRUE">Number</attrtype><attwidth Sync="TRUE">9</attwidth></attr><attr><attrlabl Sync="TRUE">OSODR</attrlabl><attalias Sync="TRUE">OSODR</attalias><attrtype Sync="TRUE">String</attrtype><attwidth Sync="TRUE">13</attwidth></attr><attr><attrlabl Sync="TRUE">NUMBER</attrlabl><attalias Sync="TRUE">NUMBER</attalias><attrtype Sync="TRUE">String</attrtype><attwidth Sync="TRUE">8</attwidth></attr><attr><attrlabl Sync="TRUE">ROAD_NAME</attrlabl><attalias Sync="TRUE">ROAD_NAME</attalias><attrtype Sync="TRUE">String</attrtype><attwidth Sync="TRUE">70</attwidth></attr><attr><attrlabl Sync="TRUE">METRES</attrlabl><attalias Sync="TRUE">METRES</attalias><attrtype Sync="TRUE">Number</attrtype><attwidth Sync="TRUE">7</attwidth></attr><attr><attrlabl Sync="TRUE">INDICATOR</attrlabl><attalias Sync="TRUE">INDICATOR</attalias><attrtype Sync="TRUE">String</attrtype><attwidth Sync="TRUE">1</attwidth></attr></detailed></eainfo><mdDateSt Sync="TRUE">20130926</mdDateSt><dataqual><lineage><procstep><procdesc Sync="TRUE">Dataset copied.</procdesc><srcused Sync="TRUE"></srcused><procdate Sync="TRUE">20130926</procdate><proctime Sync="TRUE">15062700</proctime></procstep><procstep><procdesc Sync="TRUE">Dataset copied.</procdesc><srcused Sync="TRUE"></srcused><procdate Sync="TRUE">20140107</procdate><proctime Sync="TRUE">16473400</proctime></procstep><procstep><procdesc Sync="TRUE">Dataset copied.</procdesc><srcused Sync="TRUE"></srcused><procdate Sync="TRUE">20140307</procdate><proctime Sync="TRUE">09460900</proctime></procstep><procstep><procdesc Sync="TRUE">Dataset copied.</procdesc><srcused Sync="TRUE"></srcused><procdate Sync="TRUE">20140520</procdate><proctime Sync="TRUE">15371600</proctime></procstep><procstep><procdesc Sync="TRUE">Dataset copied.</procdesc><srcused Sync="TRUE"></srcused><procdate Sync="TRUE">20140520</procdate><proctime Sync="TRUE">15382400</proctime></procstep></lineage></dataqual></metadata>
